<?xml version="1.0" encoding="UTF-8"?>
<OpenSearchDescription xmlns="http://a9.com/-/spec/opensearch/1.1/" xmlns:moz="http://www.mozilla.org/2006/browser/search/">
  <!-- Created on Sat, 18 Sep 2010 15:37:15 GMT -->
  <ShortName>cekPR.com - Check PageRank</ShortName>
  <Description>cekPR.com - Check Page Rank</Description>
  <Url type="text/html" method="post" template="http://www.cekpr.com/">
    <Param name="status" value="go"/>
    <Param name="url" value="{searchTerms}"/>
    <Param name="links" value="1"/>
    <Param name="submit" value="images/search.png"/>
  </Url>
  <Image width="16" height="16">http://www.cekpr.com/favicon.ico</Image>
  <Developer>ewwink</Developer>
  <InputEncoding>UTF-8</InputEncoding>
  <moz:SearchForm>http://www.cekpr.com/</moz:SearchForm>
  <Url type="application/opensearchdescription+xml" rel="self" template="http://www.cekpr.com/tools/cekpr.xml"/>
  <moz:UpdateUrl>http://www.cekpr.com/tools/cekpr.xml</moz:UpdateUrl>
</OpenSearchDescription>